timestamp,previous.timestamp,previous.lat,previous.lon,previous.vx,previous.vy,previous.vz,previous.alt,previous.yaw,previous.loiter_radius,previous.loiter_minor_radius,previous.loiter_orientation,previous.acceptance_radius,previous.cruising_speed,previous.cruising_throttle,previous.valid,previous.type,previous.loiter_direction_counter_clockwise,previous.loiter_pattern,previous.gliding_enabled,previous._padding0[0],previous._padding0[1],previous._padding0[2],previous._padding0[3],previous._padding0[4],previous._padding0[5],previous._padding0[6],current.timestamp,current.lat,current.lon,current.vx,current.vy,current.vz,current.alt,current.yaw,current.loiter_radius,current.loiter_minor_radius,current.loiter_orientation,current.acceptance_radius,current.cruising_speed,current.cruising_throttle,current.valid,current.type,current.loiter_direction_counter_clockwise,current.loiter_pattern,current.gliding_enabled,current._padding0[0],current._padding0[1],current._padding0[2],current._padding0[3],current._padding0[4],current._padding0[5],current._padding0[6],next.timestamp,next.lat,next.lon,next.vx,next.vy,next.vz,next.alt,next.yaw,next.loiter_radius,next.loiter_minor_radius,next.loiter_orientation,next.acceptance_radius,next.cruising_speed,next.cruising_throttle,next.valid,next.type,next.loiter_direction_counter_clockwise,next.loiter_pattern,next.gliding_enabled,next._padding0[0],next._padding0[1],next._padding0[2],next._padding0[3],next._padding0[4],next._padding0[5],next._padding0[6]
2240363,2240356,nan,nan,0.0,0.0,0.0,0.0,nan,80.0,0.0,0.0,2.0,-1.0,nan,0,5,0,0,0,0,0,0,0,0,0,0,2240358,nan,nan,0.0,0.0,0.0,0.0,nan,80.0,0.0,0.0,2.0,-1.0,nan,0,5,0,0,0,0,0,0,0,0,0,0,2240362,nan,nan,0.0,0.0,0.0,0.0,nan,80.0,0.0,0.0,2.0,-1.0,nan,0,5,0,0,0,0,0,0,0,0,0,0
2288997,2288993,nan,nan,0.0,0.0,0.0,0.0,nan,80.0,0.0,0.0,2.0,-1.0,nan,0,5,0,0,0,0,0,0,0,0,0,0,2288995,nan,nan,0.0,0.0,0.0,0.0,nan,80.0,0.0,0.0,2.0,-1.0,nan,0,5,0,0,0,0,0,0,0,0,0,0,2288997,nan,nan,0.0,0.0,0.0,0.0,nan,80.0,0.0,0.0,2.0,-1.0,nan,0,5,0,0,0,0,0,0,0,0,0,0
2485174,2485170,nan,nan,0.0,0.0,0.0,0.0,nan,80.0,0.0,0.0,2.0,-1.0,nan,0,5,0,0,0,0,0,0,0,0,0,0,2485172,nan,nan,0.0,0.0,0.0,0.0,nan,80.0,0.0,0.0,2.0,-1.0,nan,0,5,0,0,0,0,0,0,0,0,0,0,2485173,nan,nan,0.0,0.0,0.0,0.0,nan,80.0,0.0,0.0,2.0,-1.0,nan,0,5,0,0,0,0,0,0,0,0,0,0
2648686,2648681,nan,nan,0.0,0.0,0.0,0.0,nan,80.0,0.0,0.0,2.0,-1.0,nan,0,5,0,0,0,0,0,0,0,0,0,0,2648683,nan,nan,0.0,0.0,0.0,0.0,nan,80.0,0.0,0.0,2.0,-1.0,nan,0,5,0,0,0,0,0,0,0,0,0,0,2648685,nan,nan,0.0,0.0,0.0,0.0,nan,80.0,0.0,0.0,2.0,-1.0,nan,0,5,0,0,0,0,0,0,0,0,0,0
2844393,2844388,nan,nan,0.0,0.0,0.0,0.0,nan,80.0,0.0,0.0,2.0,-1.0,nan,0,5,0,0,0,0,0,0,0,0,0,0,2844390,nan,nan,0.0,0.0,0.0,0.0,nan,80.0,0.0,0.0,2.0,-1.0,nan,0,5,0,0,0,0,0,0,0,0,0,0,2844392,nan,nan,0.0,0.0,0.0,0.0,nan,80.0,0.0,0.0,2.0,-1.0,nan,0,5,0,0,0,0,0,0,0,0,0,0
3044424,3044419,nan,nan,0.0,0.0,0.0,0.0,nan,80.0,0.0,0.0,2.0,-1.0,nan,0,5,0,0,0,0,0,0,0,0,0,0,3044421,nan,nan,0.0,0.0,0.0,0.0,nan,80.0,0.0,0.0,2.0,-1.0,nan,0,5,0,0,0,0,0,0,0,0,0,0,3044423,nan,nan,0.0,0.0,0.0,0.0,nan,80.0,0.0,0.0,2.0,-1.0,nan,0,5,0,0,0,0,0,0,0,0,0,0
3248973,3248968,nan,nan,0.0,0.0,0.0,0.0,nan,80.0,0.0,0.0,2.0,-1.0,nan,0,5,0,0,0,0,0,0,0,0,0,0,3248970,nan,nan,0.0,0.0,0.0,0.0,nan,80.0,0.0,0.0,2.0,-1.0,nan,0,5,0,0,0,0,0,0,0,0,0,0,3248972,nan,nan,0.0,0.0,0.0,0.0,nan,80.0,0.0,0.0,2.0,-1.0,nan,0,5,0,0,0,0,0,0,0,0,0,0
3448296,3448292,nan,nan,0.0,0.0,0.0,0.0,nan,80.0,0.0,0.0,2.0,-1.0,nan,0,5,0,0,0,0,0,0,0,0,0,0,3448294,nan,nan,0.0,0.0,0.0,0.0,nan,80.0,0.0,0.0,2.0,-1.0,nan,0,5,0,0,0,0,0,0,0,0,0,0,3448295,nan,nan,0.0,0.0,0.0,0.0,nan,80.0,0.0,0.0,2.0,-1.0,nan,0,5,0,0,0,0,0,0,0,0,0,0
3660068,3660064,nan,nan,0.0,0.0,0.0,0.0,nan,80.0,0.0,0.0,2.0,-1.0,nan,0,5,0,0,0,0,0,0,0,0,0,0,3660066,nan,nan,0.0,0.0,0.0,0.0,nan,80.0,0.0,0.0,2.0,-1.0,nan,0,5,0,0,0,0,0,0,0,0,0,0,3660067,nan,nan,0.0,0.0,0.0,0.0,nan,80.0,0.0,0.0,2.0,-1.0,nan,0,5,0,0,0,0,0,0,0,0,0,0
3806256,3806251,nan,nan,0.0,0.0,0.0,0.0,nan,80.0,0.0,0.0,2.0,-1.0,nan,0,5,0,0,0,0,0,0,0,0,0,0,3806253,nan,nan,0.0,0.0,0.0,0.0,nan,80.0,0.0,0.0,2.0,-1.0,nan,0,5,0,0,0,0,0,0,0,0,0,0,3806255,nan,nan,0.0,0.0,0.0,0.0,nan,80.0,0.0,0.0,2.0,-1.0,nan,0,5,0,0,0,0,0,0,0,0,0,0
