timestamp,timestamp_sample,position_drift_rate_horizontal_m_s,position_drift_rate_vertical_m_s,filtered_horizontal_speed_m_s,checks_passed,check_fail_gps_fix,check_fail_min_sat_count,check_fail_max_pdop,check_fail_max_horz_err,check_fail_max_vert_err,check_fail_max_spd_err,check_fail_max_horz_drift,check_fail_max_vert_drift,check_fail_max_horz_spd_err,check_fail_max_vert_spd_err
1064345346,1064167352,nan,nan,nan,1,0,0,0,0,0,0,0,0,0,1
1065342646,1065164877,nan,nan,nan,1,0,0,0,0,0,0,0,0,0,1
1066350418,1066166957,nan,nan,nan,1,0,0,0,0,0,0,0,0,0,1
1067338107,1067164047,nan,nan,nan,1,0,0,0,0,0,0,0,0,0,1
1068344711,1068166949,nan,nan,nan,1,0,0,0,0,0,0,0,0,0,1
1069343099,1069165198,nan,nan,nan,1,0,0,0,0,0,0,0,0,0,1
1070349050,1070166913,nan,nan,nan,1,0,0,0,0,0,0,0,0,0,1
1071346334,1071168904,nan,nan,nan,1,0,0,0,0,0,0,0,0,0,1
1072345171,1072169957,nan,nan,nan,1,0,0,0,0,0,0,0,0,0,1
1073341758,1073163249,nan,nan,nan,1,0,0,0,0,0,0,0,0,0,1
1074348253,1074170215,nan,nan,nan,1,0,0,0,0,0,0,0,0,0,1
1075346004,1075165922,nan,nan,nan,1,0,0,0,0,0,0,0,0,0,1
1076343674,1076165936,nan,nan,nan,1,0,0,0,0,0,0,0,0,0,1
1077350150,1077169217,nan,nan,nan,1,0,0,0,0,0,0,0,0,0,1
1078347855,1078165976,nan,nan,nan,1,0,0,0,0,0,0,0,0,0,1
